<?xml version="1.0" encoding="UTF-8"?>
<project-private xmlns="http://www.netbeans.org/ns/project-private/1">
    <editor-bookmarks xmlns="http://www.netbeans.org/ns/editor-bookmarks/2" lastBookmarkId="0"/>
    <open-files xmlns="http://www.netbeans.org/ns/projectui-open-files/2">
        <group>
            <file>file:/C:/Users/ofilw/Documents/NetBeansProjects/SyGestStock/src/Fenetre/FenAccueilAgent.java</file>
            <file>file:/C:/Users/ofilw/Documents/NetBeansProjects/SyGestStock/src/Fenetre/FenAcceuilAdmin.java</file>
            <file>file:/C:/Users/ofilw/Documents/NetBeansProjects/SyGestStock/src/Fenetre/FenFacture.java</file>
            <file>file:/C:/Users/ofilw/Documents/NetBeansProjects/SyGestStock/src/Fenetre/FenPanier.java</file>
        </group>
    </open-files>
</project-private>
